Price,Close,High,Low,Open,Volume,RSI,Position,Signal,Returns,Strategy_Returns
Ticker,BTC-USD,BTC-USD,BTC-USD,BTC-USD,BTC-USD,,,,,
Date,,,,,,,,,,
2017-01-01,908.5850219726562,1191.0999755859375,823.5560302734375,963.6580200195312,2041699008,,0,0,,
2017-01-08,818.4119873046875,942.7239990234375,755.7559814453125,908.1749877929688,1211686288,,0,0,-0.0992455658934277,-0.0
2017-01-15,921.7890014648438,927.3670043945312,812.8709716796875,818.1420288085938,838052200,,0,0,0.126314149552736,0.0
2017-01-22,921.5900268554688,937.5250244140625,891.68701171875,922.2050170898438,748873200,,0,0,-0.00021585700096093952,-0.0
2017-01-29,1042.9000244140625,1045.9000244140625,919.1480102539062,922.0670166015625,955933988,,0,0,0.13163119611060914,0.0
2017-02-05,1004.4500122070312,1088.989990234375,946.6909790039062,1043.52001953125,1273765016,,0,0,-0.03686835871792582,-0.0
2017-02-12,1054.4200439453125,1061.0999755859375,976.0020141601562,1003.52001953125,753666904,,0,0,0.049748649640099396,0.0
2017-02-19,1143.8399658203125,1200.3900146484375,1041.68994140625,1054.760009765625,1170044288,,0,0,0.08480483881965895,0.0
2017-02-26,1255.1500244140625,1280.31005859375,1130.199951171875,1144.27001953125,1529353008,,0,0,0.09731261533069735,0.0
2017-03-05,1175.8299560546875,1276.0,1077.25,1254.2900390625,1971041976,,0,0,-0.0631956872218552,-0.0
2017-03-12,973.8179931640625,1257.97998046875,957.655029296875,1176.6199951171875,3117032976,,0,0,-0.17180372200113392,-0.0
2017-03-19,972.7789916992188,1122.4300537109375,903.7130126953125,976.72998046875,2586791008,,0,0,-0.001066935990233553,-0.0
2017-03-26,1080.5,1091.719970703125,954.1859741210938,974.0150146484375,2390882976,,0,0,0.11073533579566486,0.0
2017-04-02,1175.949951171875,1188.3699951171875,1075.449951171875,1080.6099853515625,2983281088,62.26724820508644,0,0,0.08833868687818147,0.0
2017-04-09,1172.52001953125,1208.0699462890625,1156.43994140625,1176.5699462890625,1773465040,62.07188036499123,0,0,-0.0029167326697934204,-0.0
2017-04-16,1231.7099609375,1240.7900390625,1172.6099853515625,1172.6099853515625,1831617008,69.45484843174042,0,0,0.05048096443582506,0.0
2017-04-23,1321.7900390625,1331.280029296875,1203.93994140625,1231.9200439453125,2466335984,69.06762699726445,0,0,0.07313416387120619,0.0
2017-04-30,1578.800048828125,1618.030029296875,1314.9200439453125,1321.8699951171875,4649987904,75.16673027845603,0,-1,0.1944408734899481,0.0
2017-05-07,1804.9100341796875,1873.9300537109375,1559.760009765625,1579.469970703125,6624101952,77.01182371413583,0,-1,0.14321635315339276,0.0
2017-05-14,2084.72998046875,2084.72998046875,1661.9100341796875,1800.8599853515625,6205447008,82.69846259110619,0,-1,0.15503262821420227,0.0
2017-05-21,2038.8699951171875,2763.7099609375,1855.8299560546875,2067.030029296875,12064870016,79.87215586981324,0,-1,-0.0219980456851544,-0.0
2017-05-28,2515.35009765625,2581.909912109375,2054.080078125,2054.080078125,9615725056,83.7008193003876,0,-1,0.23369812870863105,0.0
2017-06-04,2947.7099609375,2999.909912109375,2452.5400390625,2547.7900390625,10980759936,85.92200403909266,0,-1,0.17188854294442502,0.0
2017-06-11,2655.8798828125,2997.260009765625,2212.9599609375,2942.409912109375,12555650048,78.81277499058234,0,-1,-0.09900230415891575,-0.0
2017-06-18,2608.719970703125,2772.010009765625,2516.330078125,2655.35009765625,9148278912,83.86938100169141,0,-1,-0.017756794053289005,-0.0
2017-06-25,2434.550048828125,2682.260009765625,2332.989990234375,2607.25,8088205952,78.25583961005393,0,-1,-0.06676451433307973,-0.0
2017-07-02,2571.340087890625,2916.139892578125,2394.840087890625,2436.39990234375,6107640000,78.49748508269967,0,-1,0.056186989923803,0.0
2017-07-09,1998.8599853515625,2635.489990234375,1990.4100341796875,2572.610107421875,6798107008,63.303770753447736,0,0,-0.22263881204788094,-0.0
2017-07-16,2810.1201171875,2900.699951171875,1843.030029296875,1991.97998046875,10058020096,70.99164303769865,0,0,0.40586140989422614,0.0
2017-07-23,2726.449951171875,2897.449951171875,2450.800048828125,2808.10009765625,7309757952,69.04088410312562,0,0,-0.029774587037712075,-0.0
2017-07-30,3252.909912109375,3290.010009765625,2644.85009765625,2724.389892578125,7738754880,72.1384557263464,0,0,0.19309357236182478,0.0
2017-08-06,3884.7099609375,3949.919921875,3155.60009765625,3257.610107421875,11564919936,74.34320182893728,0,0,0.19422611320287975,0.0
2017-08-13,4193.7001953125,4484.7001953125,3857.800048828125,3880.0400390625,19623159808,74.78445193091692,0,0,0.07954010401858458,0.0
2017-08-20,4352.39990234375,4455.7001953125,3674.580078125,4189.31005859375,16322049920,74.13436539425922,0,0,0.037842406381036975,0.0
2017-08-27,4578.77001953125,4975.0400390625,4224.64013671875,4345.10009765625,15186869888,76.03145855285442,0,-1,0.05201041316667632,0.0
2017-09-03,4226.06005859375,4714.080078125,3998.110107421875,4585.27001953125,15722330240,67.98948286553687,0,0,-0.07703159569774776,-0.0
2017-09-10,3625.0400390625,4344.64990234375,2946.6201171875,4229.33984375,16003139968,56.878667661660515,0,0,-0.1422175764655942,-0.0
2017-09-17,3792.39990234375,4094.070068359375,3445.639892578125,3606.280029296875,9494593984,61.84136471375643,0,0,0.046167728212053616,0.0
2017-09-24,4338.7099609375,4358.43017578125,3666.89990234375,3796.14990234375,9159665024,66.32654297884639,0,0,0.14405391642799148,0.0
2017-10-01,4426.89013671875,4470.22998046875,4164.0498046875,4341.0498046875,8183368064,69.11264043201751,0,0,0.020324054056426455,0.0
2017-10-08,5831.7900390625,5840.2998046875,4405.64013671875,4429.669921875,14178150016,75.15697581677269,0,-1,0.3173559449083312,0.0
2017-10-15,6031.60009765625,6194.8798828125,5151.43994140625,5835.9599609375,14547019776,83.01443662020391,0,-1,0.03426221747617486,0.0
2017-10-22,5753.08984375,6076.259765625,5397.8798828125,6036.66015625,14158250112,76.39533909056806,0,-1,-0.04617518558872513,-0.0
2017-10-29,7379.9501953125,7492.85986328125,5724.580078125,5754.43994140625,20320320512,82.68834541594894,0,-1,0.28278027907557823,0.0
2017-11-05,6357.60009765625,7776.419921875,6204.22021484375,7404.52001953125,25764030208,70.38838224912995,0,0,-0.13853075841969953,-0.0
2017-11-12,7790.14990234375,8004.58984375,5519.009765625,6295.4501953125,36061259776,73.20627467665068,0,0,0.22532870622290546,0.0
2017-11-19,8790.919921875,8790.919921875,7694.10009765625,7766.02978515625,28174760192,75.24169556225156,0,-1,0.12846607986710978,0.0
2017-11-26,11074.599609375,11517.400390625,8775.58984375,8789.0400390625,49278829568,79.9259729655858,0,-1,0.25977710043944047,0.0
2017-12-03,15178.2001953125,18353.400390625,10862.0,11082.7001953125,85290278400,85.07744784791501,0,-1,0.3705416656746372,0.0
2017-12-10,19497.400390625,19716.69921875,13226.599609375,15168.400390625,93995898880,90.02951353340788,0,-1,0.2845660315276646,0.0
2017-12-17,14699.2001953125,20089.0,11833.0,19475.80078125,118998898688,73.79259694674325,0,0,-0.24609435612860653,-0.0
2017-12-24,12952.2001953125,16930.900390625,12350.099609375,14608.2001953125,87993499648,68.42875677585212,0,0,-0.11885000386327882,-0.0
2017-12-31,17527.0,17712.400390625,12755.599609375,12897.7001953125,120084699136,72.83258707504793,0,0,0.35320638468382803,0.0
2018-01-07,14360.2001953125,17579.599609375,13105.900390625,17527.30078125,110804100096,65.54069354082554,0,0,-0.1806812235229931,-0.0
2018-01-14,12899.2001953125,14511.7998046875,9402.2900390625,14370.7998046875,99081799680,61.03760935304821,0,0,-0.10173952870635494,-0.0
2018-01-21,11440.7001953125,12895.900390625,10129.7001953125,12889.2001953125,66276818944,58.128161971602076,0,0,-0.11306902582456324,-0.0
2018-01-28,9174.91015625,12040.2998046875,7796.490234375,11475.2998046875,62086830080,54.85211785173923,0,0,-0.19804644824019102,-0.0
2018-02-04,8621.900390625,9334.8701171875,6048.259765625,9175.7001953125,63440451072,51.81639382417787,0,0,-0.06027413415577554,-0.0
2018-02-11,11112.7001953125,11139.5,7931.10009765625,8616.1298828125,51004749824,56.668078507401376,0,0,0.28889220378791025,0.0
2018-02-18,9813.0703125,11958.5,9546.9697265625,11123.400390625,58425489408,52.84735657286815,0,0,-0.11694996355257592,-0.0
2018-02-25,11489.7001953125,11528.2001953125,9407.0595703125,9796.419921875,48525440000,53.72773714654494,0,0,0.17085680927780467,0.0
2018-03-04,8866.0,11704.099609375,8513.0302734375,11497.400390625,49459369984,46.97772222636191,0,0,-0.22835236348315702,-0.0
2018-03-11,7916.8798828125,9937.5,7783.0498046875,8852.7802734375,41733099520,39.124608751104276,0,0,-0.10705167123702908,-0.0
2018-03-18,8668.1201171875,9177.3701171875,7397.990234375,7890.52001953125,42922330112,31.83995091807367,0,0,0.09489094763278372,0.0
2018-03-25,6973.52978515625,8682.009765625,6683.93017578125,8612.8095703125,38008469504,35.53928191648575,0,0,-0.1954968677315797,-0.0
2018-04-01,6911.08984375,7530.93994140625,6526.8701171875,7003.06005859375,32683980544,37.931320261255316,0,0,-0.00895385024943307,-0.0
2018-04-08,7986.240234375,8183.9599609375,6661.990234375,6919.97998046875,39323340288,27.84145688367137,0,0,0.15556886322311447,0.0
2018-04-15,8895.580078125,8997.5703125,7881.72021484375,7999.330078125,47356449792,35.82160497790477,0,0,0.11386332204683103,0.0
2018-04-22,9348.48046875,9745.3203125,8727.08984375,8925.0595703125,59659319808,40.27884062096933,0,0,0.050912968760600696,0.0
2018-04-29,9858.150390625,9964.5,8891.0498046875,9346.41015625,58875169280,45.42985785254412,0,0,0.054519012322774785,0.0
2018-05-06,8504.8896484375,9940.1396484375,8223.5,9845.3095703125,51475660288,47.95743905803097,0,0,-0.1372732904819992,-0.0
2018-05-13,8247.1796875,8881.1201171875,7974.81982421875,8515.490234375,43035579904,48.83671775382245,0,0,-0.030301387976838234,-0.0
2018-05-20,7355.8798828125,8562.41015625,7331.14013671875,8246.990234375,36942770176,37.051413943009294,0,0,-0.1080732854697487,-0.0
2018-05-27,7643.4501953125,7695.830078125,7090.68017578125,7362.080078125,34670210304,41.96116754554929,0,0,0.03909393805789674,0.0
2018-06-03,7531.97998046875,7754.89013671875,7397.0,7632.08984375,32057529600,33.41199258875996,0,0,-0.014583756287456562,-0.0
2018-06-10,6550.16015625,7499.5498046875,6285.6298828125,7499.5498046875,32545109760,38.74448905138591,0,0,-0.1303534829838524,-0.0
2018-06-17,6162.47998046875,6822.5,6006.60009765625,6545.52978515625,27129189888,40.9810082654677,0,0,-0.05918636591066173,-0.0
2018-06-24,6404.0,6465.509765625,5826.41015625,6164.27978515625,28621590272,37.716924486014264,0,0,0.039192016898508264,0.0
2018-07-01,6856.93017578125,6863.990234375,6289.2900390625,6411.68017578125,31308469760,49.268946123488206,0,0,0.07072613613073853,0.0
2018-07-08,6276.1201171875,6885.91015625,6136.419921875,6857.7998046875,25300870144,46.26186347493327,0,0,-0.08470409406313884,-0.0
2018-07-15,7419.2900390625,7594.669921875,6256.509765625,6272.7001953125,33851729920,46.688820399289625,0,0,0.18214595969002678,0.0
2018-07-22,8192.150390625,8424.26953125,7383.81982421875,7417.7998046875,36034749952,45.82518050591733,0,0,0.10416904413945227,0.0
2018-07-29,7032.85009765625,8272.259765625,6984.06982421875,8205.8203125,32853390016,37.32005164585743,0,0,-0.1415135511056339,-0.0
2018-08-05,6295.72998046875,7166.5498046875,6109.02978515625,7031.080078125,30195810000,30.966970956712302,0,0,-0.10481100932794674,-0.0
2018-08-12,6423.759765625,6617.35009765625,5971.0498046875,6283.64990234375,33252310000,37.20610218659085,0,0,0.020335971452625445,0.0
2018-08-19,6763.18994140625,6816.7900390625,6297.93017578125,6422.56982421875,25858160000,40.967816692752876,0,0,0.05283979914653991,0.0
2018-08-26,7193.25,7242.2900390625,6620.75,6754.64013671875,29195270000,48.95128529941704,0,0,0.06358834548779924,0.0
2018-09-02,6225.97998046875,7388.43017578125,6197.52001953125,7189.580078125,32114610000,41.59616377009647,0,0,-0.13446912307110837,-0.0
2018-09-09,6543.2001953125,6596.10009765625,6201.22021484375,6223.3798828125,26803560000,44.27737892543008,0,0,0.05095104960807584,0.0
2018-09-16,6721.97998046875,6814.56005859375,6208.33984375,6536.68017578125,31185650000,51.09632371226743,0,0,0.027322988724130193,0.0
2018-09-23,6601.9599609375,6785.02978515625,6381.85986328125,6715.31982421875,31523220000,52.903341225422864,0,0,-0.017854861198631666,-0.0
2018-09-30,6588.31005859375,6653.2998046875,6454.02978515625,6604.7099609375,26639470000,51.25540678636124,0,0,-0.0020675530334194336,-0.0
2018-10-07,6285.990234375,6675.06005859375,6236.47021484375,6590.68017578125,26683720000,46.029647265304256,0,0,-0.04588730972435118,-0.0
2018-10-14,6489.18994140625,6965.06005859375,6258.68017578125,6288.490234375,29501390000,51.5638312519975,0,0,0.03232580698583498,0.0
2018-10-21,6480.3798828125,6556.3798828125,6447.02978515625,6490.08984375,23997140000,41.73213693582629,0,0,-0.0013576515209602347,-0.0
2018-10-28,6361.259765625,6547.14013671875,6306.990234375,6482.66015625,27300350000,31.779753752929594,0,0,-0.01838165652964796,-0.0
2018-11-04,6409.22021484375,6552.16015625,6294.56982421875,6365.47021484375,30923520000,42.03128751339563,0,0,0.0075394577467058355,0.0
2018-11-11,5554.330078125,6434.2099609375,5358.3798828125,6413.6298828125,36752180000,40.803225004200485,0,0,-0.13338442245108462,-0.0
2018-11-18,3880.760009765625,5653.60986328125,3795.159912109375,5559.740234375,39868010000,27.198146522626203,0,0,-0.30130907684988173,-0.0
2018-11-25,4214.671875,4413.0205078125,3585.06005859375,3880.780029296875,44508218577,27.126030396104397,0,0,0.08604290509954549,0.0
2018-12-02,3476.11474609375,4301.51953125,3280.228759765625,4200.7333984375,38701792756,18.38783236678337,1,1,-0.17523478714609309,-0.0
2018-12-09,3236.76171875,3685.3056640625,3191.303466796875,3473.2275390625,31072371284,20.986138375486604,1,1,-0.06885648053267535,-0.06885648053267535
2018-12-16,4014.1826171875,4198.4296875,3233.81982421875,3236.274658203125,43614479722,27.46601451853607,1,0,0.24018477910623925,0.24018477910623925
2018-12-23,3820.40869140625,4271.79248046875,3642.632080078125,4020.99462890625,40630431833,24.215392978454148,1,1,-0.04827232447063301,-0.04827232447063301
2018-12-30,3845.194580078125,3947.981201171875,3707.231201171875,3822.384765625,33517267717,25.08041582607997,1,0,0.006487758424283063,0.006487758424283063
2019-01-06,3661.301025390625,4109.02099609375,3653.06982421875,3836.51904296875,38439179151,24.331537166170023,1,1,-0.047824252026216985,-0.047824252026216985
2019-01-13,3728.568359375,3758.533447265625,3544.92724609375,3658.8681640625,37687409893,26.608293694359503,1,0,0.01837252209471041,0.01837252209471041
2019-01-20,3602.46044921875,3743.387939453125,3539.721435546875,3725.446044921875,36961115644,23.218563163140473,1,1,-0.03382207271033888,-0.03382207271033888
2019-01-27,3521.060791015625,3612.67138671875,3400.81982421875,3604.687255859375,40657704148,22.909990751551433,1,1,-0.022595573039747796,-0.022595573039747796
2019-02-03,3671.20361328125,3695.614013671875,3391.023681640625,3516.1396484375,39985821482,25.513934328230846,1,0,0.0426413604243161,0.0426413604243161
2019-02-10,3629.78759765625,3695.613037109375,3607.69775390625,3673.201416015625,43776342393,24.670212663705556,1,1,-0.011281318060150647,-0.011281318060150647
2019-02-17,4142.52685546875,4166.2861328125,3619.18212890625,3633.359375,60098641418,36.27809009960224,1,0,0.14125874972507346,0.14125874972507346
2019-02-24,3864.4150390625,4210.6416015625,3787.058837890625,4145.4580078125,59985354047,49.78200201270992,1,0,-0.06713579081306409,-0.06713579081306409
2019-03-03,3963.313720703125,3987.23779296875,3733.749755859375,3862.26611328125,66651059865,46.42334088780344,1,0,0.025592148007119286,0.025592148007119286
2019-03-10,4048.725830078125,4077.036376953125,3863.55908203125,3966.17431640625,68849408578,60.00815360177293,1,0,0.021550680918553944,0.021550680918553944
2019-03-17,4035.826416015625,4097.35986328125,4005.1513671875,4047.719482421875,67052415110,65.16672386486447,1,0,-0.0031860428697516596,-0.0031860428697516596
2019-03-24,4106.66015625,4296.806640625,3934.03125,4035.16357421875,71114750213,52.39867189916242,1,0,0.017551235591620307,0.017551235591620307
2019-03-31,5059.8173828125,5307.00341796875,4094.100830078125,4105.4560546875,115436786833,73.0624955706864,1,0,0.23210034195594997,0.23210034195594997
2019-04-07,5096.58642578125,5421.6513671875,4955.8525390625,5062.7939453125,105090336997,73.18209188839057,1,0,0.007266871546322884,0.007266871546322884
2019-04-14,5337.88623046875,5358.49072265625,5024.0693359375,5095.7587890625,86945624528,80.41198398042803,0,-1,0.047345376793156424,0.047345376793156424
2019-04-21,5268.291015625,5642.04443359375,5177.36865234375,5335.87890625,106502483501,77.90583411961833,0,-1,-0.013037972680365328,-0.0
2019-04-28,5831.16748046875,5886.8935546875,5216.48779296875,5271.74658203125,105046997217,84.8720274417147,0,-1,0.1068423257512423,0.0
2019-05-05,7204.771484375,7333.0029296875,5653.6875,5831.068359375,128965099968,91.04179248146282,0,-1,0.2355624338534399,0.0
2019-05-12,7271.2080078125,8320.82421875,6815.77099609375,7203.50732421875,201414700056,90.8715268142012,0,-1,0.00922118398641536,0.0
2019-05-19,8052.5439453125,8261.94140625,7267.962890625,7267.962890625,172225592529,92.98972391535939,0,-1,0.10745613887823025,0.0
2019-05-26,8564.0166015625,9008.314453125,7924.67041015625,8055.2060546875,179428231940,92.98799734719678,0,-1,0.06351690344362981,0.0
2019-06-02,7954.1279296875,8809.3037109375,7564.48876953125,8565.4736328125,143780139588,87.35252727187427,0,-1,-0.07121526034451242,-0.0
2019-06-09,8838.375,8859.1279296875,7583.2197265625,7949.6748046875,128313317758,88.93925976945238,0,-1,0.11116832393557452,0.0
2019-06-16,10701.69140625,11157.345703125,8814.556640625,8841.4404296875,138772560000,91.38583762843894,0,-1,0.21082115278543845,0.0
2019-06-23,11959.37109375,13796.4892578125,10491.8525390625,10696.69140625,215244590690,92.67995717438582,0,-1,0.11752158044526406,0.0
2019-06-30,11208.55078125,12178.3837890625,9737.884765625,11931.9912109375,189298250884,85.64311829939601,0,-1,-0.06278091938232278,-0.0
2019-07-07,11392.37890625,13129.529296875,10908.4794921875,11217.6162109375,177819728373,84.44166472094284,0,-1,0.01640070412202732,0.0
2019-07-14,10767.1396484375,11451.2041015625,9163.134765625,11381.0205078125,162712233940,78.98569740553978,0,-1,-0.05488223864020936,-0.0
2019-07-21,9477.677734375,10841.8876953125,9411.521484375,10777.529296875,115851122806,69.1129598206627,0,0,-0.11975900342758383,-0.0
2019-07-28,10821.7265625,10946.78125,9252.296875,9491.626953125,107998581197,72.94001222129549,0,0,0.14181204149305593,0.0
2019-08-04,11354.0244140625,12273.8212890625,10620.2783203125,10821.6328125,142183917057,72.8714782622692,0,0,0.049187885915270346,0.0
2019-08-11,10231.744140625,11528.189453125,9675.31640625,11349.740234375,122999269447,62.80190383517718,0,0,-0.09884427164411436,-0.0
2019-08-18,10159.9609375,10947.0419921875,9831.462890625,10233.005859375,111739808807,62.21181160320735,0,0,-0.007015734769987625,-0.0
2019-08-25,9630.6640625,10512.328125,9421.6298828125,10160.7373046875,107054859422,56.81654420892705,0,0,-0.05209634941079222,-0.0
2019-09-01,10517.2548828125,10898.76171875,9582.9443359375,9630.5927734375,114216221678,58.172012187358995,0,0,0.09205915755744387,0.0
2019-09-08,10358.048828125,10595.6376953125,9980.7763671875,10518.1142578125,104503525650,60.451742126148915,0,0,-0.015137605436155943,-0.0
2019-09-15,10019.716796875,10387.03515625,9851.6923828125,10356.4658203125,106774621281,55.392195581702985,0,0,-0.03266368375589557,-0.0
2019-09-22,8245.9150390625,10074.4443359375,7895.62939453125,10024.115234375,124900491329,38.6983357660507,0,0,-0.17703112710388402,-0.0
2019-09-29,8151.50048828125,8497.6923828125,7830.7587890625,8246.037109375,97589935983,30.374637283362176,0,0,-0.011449857333478475,-0.0
2019-10-06,8336.5556640625,8721.7802734375,7905.76611328125,8149.876953125,117903462654,34.281363162717426,0,0,0.02270197689950315,0.0
2019-10-13,7988.560546875,8470.98828125,7902.1640625,8336.90234375,104014204040,31.699515037227243,0,0,-0.04174327278682355,-0.0
2019-10-20,9244.97265625,10021.744140625,7446.98876953125,7997.80712890625,159589285069,42.33626732170883,0,0,0.15727640818426147,0.0
2019-10-27,9324.7177734375,9805.1181640625,9028.7177734375,9241.70703125,191825717710,49.12306269364665,0,0,0.008625781833285329,0.0
2019-11-03,8813.58203125,9505.0517578125,8775.5341796875,9324.787109375,161247033575,37.27144855067683,0,0,-0.054815143429169266,-0.0
2019-11-10,8550.7607421875,9103.826171875,8473.9736328125,8812.4892578125,136085941412,31.60315355979698,0,0,-0.029820030962510402,-0.0
2019-11-17,7397.796875,8727.7890625,6936.70654296875,8549.470703125,159861507397,31.476388213517865,0,0,-0.13483757784252337,-0.0
2019-11-24,7569.6298828125,7836.10205078125,6617.1669921875,7398.6337890625,174157673850,33.287331735973396,0,0,0.023227592040704792,0.0
2019-12-01,7556.23779296875,7743.431640625,7170.9228515625,7571.6162109375,124638547974,35.661372232757984,0,0,-0.0017691868758548113,-0.0
2019-12-08,7124.673828125,7634.6064453125,7097.208984375,7551.3388671875,121071298136,24.9760637684834,1,1,-0.057113602915637496,-0.0
2019-12-15,7191.15869140625,7346.6025390625,6540.04931640625,7124.23974609375,159145694513,26.31682997236436,1,0,0.009331636069962679,0.009331636069962679
2019-12-22,7317.990234375,7656.17626953125,7167.17919921875,7191.1884765625,162447497307,29.13547497472412,1,0,0.017637149785099115,0.017637149785099115
2019-12-29,7410.65673828125,7513.9482421875,6914.99609375,7317.6474609375,152410836255,41.287258285847116,1,0,0.012662835141671103,0.012662835141671103
2020-01-05,8037.53759765625,8396.73828125,7400.53564453125,7410.45166015625,181722925680,48.93008288103272,1,0,0.08459180900077579,0.08459180900077579
2020-01-12,8942.80859375,9012.1982421875,8009.05908203125,8033.26171875,230354861704,55.01367204314709,1,0,0.1126303902276895,0.1126303902276895
2020-01-19,8367.84765625,9164.3623046875,8266.8408203125,8941.4453125,177153244066,53.02318948787221,1,0,-0.0642931056247622,-0.0642931056247622
2020-01-26,9392.875,9553.1259765625,8325.498046875,8364.41015625,203640298773,51.22403733502992,1,0,0.12249593752873844,0.12249593752873844
2020-02-02,9865.119140625,9876.7490234375,9112.8115234375,9389.8203125,234208663682,54.199525081221125,1,0,0.050276847144777204,0.050276847144777204
2020-02-09,9889.4248046875,10457.626953125,9729.3349609375,9863.89453125,292846186323,59.04488043558757,1,0,0.00246379832985566,0.00246379832985566
2020-02-16,9663.181640625,10191.67578125,9507.6376953125,9889.1796875,305329955285,59.41027918100297,1,0,-0.022877282403245824,-0.022877282403245824
2020-02-23,8599.5087890625,9951.74609375,8492.9326171875,9663.318359375,305069030982,60.32154181172541,1,0,-0.11007480673763914,-0.11007480673763914
2020-03-01,8909.9541015625,9167.6953125,8471.212890625,8599.7587890625,272082131516,61.24434911838873,1,0,0.036100354114975364,0.036100354114975364
2020-03-08,5200.3662109375,8914.34375,4106.98095703125,8908.2060546875,332098436854,37.80123138962946,1,0,-0.4163419753166254,-0.4163419753166254
2020-03-15,6185.06640625,6844.26171875,4575.35791015625,5201.06689453125,303805458800,45.39828698992744,1,0,0.18935208702061446,0.18935208702061446
2020-03-22,6242.19384765625,6892.51123046875,5785.00439453125,6185.55810546875,284194221210,45.34819551691163,1,0,0.009236350534332693,0.009236350534332693
2020-03-29,6867.52734375,7088.24755859375,5903.234375,6245.62451171875,258431377145,47.894731557438774,1,0,0.10017848073214575,0.10017848073214575
2020-04-05,6859.0830078125,7427.939453125,6715.92919921875,6862.53759765625,267874112804,47.40172876284279,1,0,-0.0012296035406665906,-0.0012296035406665906
2020-04-12,7257.6650390625,7269.95654296875,6555.50439453125,6858.06787109375,252521475692,46.24553905078589,1,0,0.05811010463002342,0.05811010463002342
2020-04-19,7569.93603515625,7641.36376953125,6834.4423828125,7260.92236328125,245976069577,42.990502620344195,1,0,0.04302637203742976,0.04302637203742976
2020-04-26,8988.5966796875,9440.650390625,7561.40771484375,7570.13916015625,313788719561,52.9179736364325,1,0,0.18740721690945805,0.18740721690945805
2020-05-03,9593.896484375,9996.7431640625,8645.0244140625,8983.6142578125,344800501489,50.98376773205899,1,0,0.06734085711681348,0.06734085711681348
2020-05-10,9377.013671875,9793.2685546875,8374.3232421875,9591.1689453125,348896476067,47.55005424172654,1,0,-0.022606332354453085,-0.022606332354453085
2020-05-17,9209.287109375,9906.0302734375,8869.9306640625,9374.9296875,254576720260,46.63464024198316,1,0,-0.017886991356648174,-0.017886991356648174
2020-05-24,9700.4140625,9704.0302734375,8719.66796875,9212.283203125,226118374712,50.179522274680856,1,0,0.05332952999424201,0.05332952999424201
2020-05-31,9653.6796875,10199.5654296875,9432.296875,9700.10546875,196986755678,55.63551584444745,1,0,-0.00481777114862203,-0.00481777114862203
2020-06-07,9475.27734375,9938.2978515625,9263.0693359375,9653.0029296875,166348037812,53.06545172137667,1,0,-0.01848024271832871,-0.01848024271832871
2020-06-14,9332.3408203125,9579.4306640625,8990.17578125,9477.5537109375,141967532269,86.53880098723128,0,-1,-0.015085207350873264,-0.015085207350873264
2020-06-21,9045.390625,9680.3671875,8998.216796875,9330.9267578125,126627067638,78.85439944643157,0,-1,-0.030747933539668093,-0.0
2020-06-28,9132.48828125,9309.7548828125,8975.525390625,9048.4609375,104437182247,78.98149153658348,0,-1,0.009628954664409495,0.0
2020-07-05,9240.3466796875,9450.3359375,8977.015625,9126.0908203125,112445330446,76.54769898971402,0,-1,0.011810406443000243,0.0
2020-07-12,9159.0400390625,9319.4189453125,9088.947265625,9241.0546875,107813092857,75.31968418608251,0,-1,-0.008799089844078178,-0.0
2020-07-19,9677.11328125,9704.556640625,9097.6328125,9158.005859375,112605682030,75.95235396638607,0,-1,0.05656414209108851,0.0
2020-07-26,11759.5927734375,11794.775390625,9652.84765625,9680.234375,181344937414,82.57120048649443,0,-1,0.21519635367113366,0.0
2020-08-02,11754.0458984375,12034.14453125,11012.4150390625,11758.7646484375,157448343336,77.55297668901143,0,-1,-0.00047168937792885224,-0.0
2020-08-09,11865.6982421875,12150.994140625,11195.708984375,11737.3251953125,170823135014,75.10403337182944,0,-1,0.009499056300677156,0.0
2020-08-16,11681.8251953125,12359.056640625,11448.8056640625,11866.685546875,163519001556,75.65596935537627,0,-1,-0.015496184305551886,-0.0
2020-08-23,11506.865234375,11807.6318359375,11185.94140625,11679.6962890625,148464885726,75.5343312117672,0,-1,-0.014977108286786,-0.0
2020-08-30,10169.5673828125,12067.0810546875,9946.67578125,11508.7138671875,204203974058,54.38857335579569,0,0,-0.11621739060326586,-0.0
2020-09-06,10442.1708984375,10578.837890625,9916.4931640625,10167.216796875,264691421110,57.07669916068086,0,0,0.02680581241692992,0.0
2020-09-13,11094.3466796875,11134.0927734375,10224.330078125,10452.3994140625,222497791552,63.392223476777524,0,0,0.062455957443445786,0.0
2020-09-20,10750.7236328125,11095.8701171875,10197.865234375,11095.8701171875,234340470055,61.35524182262536,0,0,-0.03097280595207419,-0.0
2020-09-27,10549.3291015625,10945.34765625,10416.689453125,10746.892578125,325606697432,62.20740701048435,0,0,-0.01873311398642219,-0.0
2020-10-04,11296.361328125,11442.2109375,10528.890625,10550.4404296875,308204399345,65.86445812547595,0,0,0.07081324502918895,0.0
2020-10-11,11358.1015625,11698.4677734375,11223.0126953125,11296.08203125,163730590676,65.63205119019008,0,0,0.005465497480262371,0.0
2020-10-18,13108.0625,13184.56640625,11347.578125,11355.982421875,204721671027,73.38799594819267,0,0,0.15407160500111083,0.0
2020-10-25,13780.9951171875,14028.2138671875,12822.3828125,13108.0634765625,240873025457,73.8673477814264,0,0,0.05133730611884868,0.0
2020-11-01,14833.75390625,15903.4375,13243.16015625,13780.9951171875,235930747063,70.31146420398667,0,0,0.07639207329443942,0.0
2020-11-08,16068.138671875,16463.177734375,14744.1103515625,14833.75390625,209385464323,74.52195131103481,0,0,0.08321459108910445,0.0
2020-11-15,18642.232421875,18936.62109375,15793.5341796875,16068.1396484375,256880423708,80.0943061796196,0,-1,0.16019862677097674,0.0
2020-11-22,17717.4140625,19390.96484375,16351.03515625,18642.232421875,312085840030,75.14875562052711,0,-1,-0.04960877744930414,-0.0
2020-11-29,19154.23046875,19845.974609375,17559.1171875,17719.634765625,258928954481,78.83266842966287,0,-1,0.0810962819507115,0.0
2020-12-06,18803.65625,19411.828125,17619.533203125,19154.1796875,193522149335,85.16966496776683,0,-1,-0.01830270442458959,-0.0
2020-12-13,23869.83203125,24085.85546875,18734.33203125,18806.765625,269329509567,89.33466833541928,0,-1,0.26942503701906384,0.0
2020-12-20,26437.037109375,26718.0703125,22159.3671875,23861.765625,310496539842,90.41057167468787,0,-1,0.10755019452018155,0.0
2020-12-27,32127.267578125,33155.1171875,25922.76953125,26439.373046875,367440714948,93.93020987643072,0,-1,0.21523707233940192,0.0
2021-01-03,40254.546875,41946.73828125,28722.755859375,32129.408203125,537519292487,96.04603031285329,0,-1,0.2529713825525812,0.0
2021-01-10,36178.140625,41420.19140625,30549.599609375,40254.21875,536521844766,84.960679677007,0,-1,-0.10126573434445096,-0.0
2021-01-17,32067.642578125,37755.890625,28953.373046875,36163.6484375,427155403586,76.12589014253763,0,-1,-0.11361827821617076,-0.0
2021-01-24,34269.5234375,38406.26171875,29367.138671875,32064.376953125,490926627937,76.39504074729854,0,-1,0.06866363356803218,0.0
2021-01-31,39266.01171875,40846.546875,32270.17578125,34270.87890625,437172521370,78.69313240964502,0,-1,0.14579975967166536,0.0
2021-02-07,47105.515625,48745.734375,37446.15234375,39250.19140625,574273209773,81.51763579972848,0,-1,0.19965113753853792,0.0
2021-02-14,56099.51953125,57505.2265625,46347.4765625,47114.5078125,489884387207,83.95023246126554,0,-1,0.19093313780598287,0.0
2021-02-21,46188.453125,58330.5703125,44454.84375,56068.56640625,765133473545,70.77613218247168,0,0,-0.17666936346449602,-0.0
2021-02-28,48912.3828125,52535.13671875,43241.6171875,46194.015625,343420207482,72.90646618287386,0,0,0.058974256620550225,0.0
2021-03-07,61243.0859375,61683.86328125,48918.6796875,48918.6796875,373074810536,76.64325615286975,0,-1,0.25209778007071004,0.0
2021-03-14,58313.64453125,61597.91796875,53555.02734375,61221.1328125,385500353252,74.21999577406618,0,0,-0.04783301431347797,-0.0
2021-03-21,55973.51171875,58767.8984375,50856.5703125,58309.9140625,407385670266,70.36033786319737,0,0,-0.040130107306977414,-0.0
2021-03-28,57603.890625,60267.1875,55071.11328125,55974.94140625,405285479498,70.00389988465818,0,0,0.029127686582220536,0.0
2021-04-04,59793.234375,61276.6640625,55604.0234375,57604.83984375,411106801369,68.59245556854674,0,0,0.03800687290816129,0.0
2021-04-11,60683.8203125,64863.09765625,59289.796875,59846.23046875,456930323393,65.20841741025122,0,0,0.014894426548572204,0.0
2021-04-18,50050.8671875,61057.45703125,47714.6640625,60701.88671875,496071467217,59.40894959998258,0,0,-0.17521891453511151,-0.0
2021-04-25,57828.05078125,58448.33984375,47159.484375,50052.83203125,343171238902,66.64375793631535,0,0,0.15538559131483587,0.0
2021-05-02,58803.77734375,59464.61328125,52969.0546875,57825.86328125,431036857196,66.10674210811132,0,0,0.016872893851998416,0.0
2021-05-09,46760.1875,59519.35546875,46664.140625,58877.390625,485826734730,54.503249013784874,0,0,-0.2048097994342546,-0.0
2021-05-16,37536.6328125,49720.04296875,30681.49609375,46716.63671875,549207807296,44.34413676877003,0,0,-0.1972523033082363,-0.0
2021-05-23,34616.06640625,40782.078125,31227.33984375,37531.44921875,397029683430,36.319610302103825,0,0,-0.07780576432730613,-0.0
2021-05-30,35551.95703125,39478.953125,33520.73828125,34607.40625,251617533060,42.35268385411907,0,0,0.027036307765778478,0.0
2021-06-06,35552.515625,38334.32421875,31114.443359375,35538.609375,286672345087,40.0031836640969,0,0,1.5712039410642475e-05,0.0
2021-06-13,35615.87109375,41295.26953125,34864.109375,35555.7890625,273954648837,26.511748302171725,0,0,0.001782024918243641,0.0
2021-06-20,32186.27734375,36059.484375,28893.62109375,35563.140625,306694192494,26.270892884282702,0,0,-0.09629397357634295,-0.0
2021-06-27,34668.546875,36542.109375,32071.7578125,32287.5234375,242316551453,30.700469021329766,0,0,0.07712198291027317,0.0
2021-07-04,33520.51953125,35937.56640625,32133.18359375,34665.56640625,183261440982,27.991260392705456,0,0,-0.033114377360242364,-0.0
2021-07-11,31533.068359375,34592.15625,31100.673828125,33509.078125,148822636883,24.078619870612428,1,1,-0.059290583787705575,-0.0
2021-07-18,34292.4453125,34490.390625,29360.955078125,31533.884765625,154346051591,26.595131884208087,1,0,0.08750740402668811,0.08750740402668811
2021-07-25,41626.1953125,42235.546875,33881.8359375,34290.29296875,231721361084,42.06430868451153,1,0,0.21385905651139914,0.21385905651139914
2021-08-01,44555.80078125,44689.859375,37458.00390625,41460.84375,217288472929,36.241615765943685,1,0,0.07037889114670692,0.07037889114670692
2021-08-08,47096.9453125,48098.68359375,42848.6875,44574.4375,239581707196,38.245853857355186,1,0,0.05703285513206091,0.05703285513206091
2021-08-15,48905.4921875,49717.01953125,43998.31640625,47096.66796875,241907705794,52.71120389838181,1,0,0.038400513302929484,0.038400513302929484
2021-08-22,48902.40234375,50482.078125,46394.28125,48869.10546875,223429277826,68.72867657603774,1,0,-6.317989272353053e-05,-6.317989272353053e-05
2021-08-29,49944.625,50982.2734375,46562.4375,48911.25,251791997540,76.92538503446544,0,-1,0.02131229972965132,0.02131229972965132
2021-09-05,45201.45703125,52853.765625,43285.20703125,49937.859375,295751762771,64.95019229156128,0,0,-0.09496853702976049,-0.0
2021-09-12,48278.36328125,48791.78125,43591.3203125,45206.62890625,227056210676,68.00054435642947,0,0,0.06807095284279852,0.0
2021-09-19,42716.59375,48328.3671875,39787.609375,48268.85546875,266406495004,58.69186995042083,0,0,-0.11520211443062822,-0.0
2021-09-26,47711.48828125,48436.01171875,40829.66796875,42721.62890625,227065221590,68.30275562699396,0,0,0.1169310118798974,0.0
2021-10-03,54968.22265625,55922.98046875,47045.00390625,47680.02734375,249029869036,71.50996060197063,0,0,0.1520961646013419,0.0
2021-10-10,60892.1796875,62757.12890625,54264.2578125,54952.8203125,287579973198,76.3378382746611,0,-1,0.10777057625268571,0.0
2021-10-17,61393.6171875,66930.390625,59164.46875,60887.65234375,259572831693,79.57860349981917,0,-1,0.008234842348777693,0.0
2021-10-24,61888.83203125,63729.32421875,58206.91796875,61368.34375,251189041606,78.61956988053768,0,-1,0.008066226856084713,0.0
2021-10-31,61527.48046875,64242.79296875,59695.18359375,61850.48828125,234579053494,74.12859410855897,0,0,-0.00583872001846053,-0.0
2021-11-07,64469.52734375,68789.625,61432.48828125,61554.921875,259380938631,74.1363967094406,0,0,0.04781679426145646,0.0
2021-11-14,59697.1953125,66281.5703125,55705.1796875,64455.37109375,252418595595,64.48848436284453,0,0,-0.07402461640216529,-0.0
2021-11-21,54815.078125,60004.42578125,53569.765625,59730.5078125,241936562259,56.34658074645006,0,0,-0.08178134939075998,-0.0
2021-11-28,49200.703125,59113.40234375,42874.6171875,54813.0234375,267609297008,50.285901094432305,0,0,-0.10242391677700446,-0.0
2021-12-05,49362.5078125,51934.78125,46942.34765625,49201.51953125,223407475094,49.43250278222992,0,0,0.0032886661617195223,0.0
2021-12-12,46848.77734375,50724.8671875,45598.44140625,49354.85546875,211555567940,51.67892876991995,0,0,-0.05092388089961364,-0.0
2021-12-19,50429.859375,51814.02734375,45579.80859375,46853.8671875,179242180727,52.17047263776286,0,0,0.07643917801683564,0.0
2021-12-26,47686.8125,51956.328125,45819.953125,50428.69140625,197011652288,55.316410083620134,0,0,-0.05439330803210274,-0.0
2022-01-02,41733.94140625,47881.40625,40672.27734375,47680.92578125,282839972327,43.73450363903975,0,0,-0.12483264830816698,-0.0
2022-01-09,43177.3984375,44278.421875,39796.5703125,41734.7265625,202866091071,35.92605015937369,0,0,0.034587124594798846,0.0
2022-01-16,35030.25,43436.80859375,34349.25,43172.0390625,188210165967,20.68607121996594,1,1,-0.18869011872711905,-0.0
2022-01-23,38138.1796875,38825.41015625,33184.05859375,35047.359375,190101862403,25.111108435511966,1,0,0.08872131051020182,0.08872131051020182
2022-01-30,41441.1640625,41847.1640625,36375.5390625,38151.91796875,142478560429,29.356748512685854,1,0,0.08660571642548986,0.08660571642548986
2022-02-06,42244.46875,45661.171875,41244.90625,41441.12109375,178358604050,30.704728246470978,1,0,0.019384221116194755,0.019384221116194755
2022-02-13,40122.15625,44667.21875,39637.6171875,42236.56640625,141376807115,25.230807625010783,1,0,-0.050238825645073315,-0.050238825645073315
2022-02-20,39105.1484375,40119.890625,34459.21875,40118.1015625,185360158924,27.31812294181084,1,0,-0.025347785551779745,-0.025347785551779745
2022-02-27,39400.5859375,45077.578125,37268.9765625,39098.69921875,191262273461,31.112696336807616,1,0,0.007554951503947915,0.007554951503947915
2022-03-06,38904.01171875,42465.671875,37260.203125,39404.19921875,178411483748,35.57429398427482,1,0,-0.012603219138357491,-0.012603219138357491
2022-03-13,42190.65234375,42316.5546875,37680.734375,38884.7265625,181269840662,40.76113927338678,1,0,0.08448076380297787,0.08448076380297787
2022-03-20,44500.828125,44999.4921875,40668.04296875,42191.40625,180558946718,46.95940056775729,1,0,0.05475563075981271,0.05475563075981271
2022-03-27,45868.94921875,48086.8359375,44403.140625,44505.35546875,226080674043,43.734499151340444,1,0,0.030743722114721983,0.030743722114721983
2022-04-03,42782.13671875,47313.4765625,42183.25390625,45859.12890625,196316923904,43.3252966651176,1,0,-0.06729634213504487,-0.06729634213504487
2022-04-10,40424.484375,43376.37890625,39373.05859375,42781.08984375,173219002249,48.02468703680723,1,0,-0.055108335501081185,-0.055108335501081185
2022-04-17,39486.73046875,42893.58203125,38696.19140625,40417.77734375,185438078391,44.34637819967752,1,0,-0.02319767142979179,-0.02319767142979179
2022-04-24,37714.875,40713.890625,37697.94140625,39478.375,207642645624,55.11073618682969,1,0,-0.04487217472087879,-0.04487217472087879
2022-05-01,35501.953125,39902.94921875,34940.82421875,37713.265625,229284480482,44.80434994824936,1,0,-0.05867504200928675,-0.05867504200928675
2022-05-08,30101.265625,35502.94140625,26350.490234375,35502.94140625,368728597935,29.357425275377594,1,0,-0.15212367277328487,-0.15212367277328487
2022-05-15,29432.2265625,31308.19140625,28708.955078125,30098.5859375,200633681899,26.562679088315605,1,0,-0.02222627682287026,-0.02222627682287026
2022-05-22,28814.900390625,30590.5859375,28261.90625,29432.47265625,216132465357,28.110474496290394,1,0,-0.020974497820071325,-0.020974497820071325
2022-05-29,29832.9140625,32249.86328125,28841.107421875,29019.8671875,203893388129,32.05073721758191,1,0,0.035329418393763135,0.035329418393763135
2022-06-05,28360.810546875,31693.291015625,28236.212890625,29835.1171875,199030511101,29.560269697337233,1,0,-0.04934494540295131,-0.04934494540295131
2022-06-12,19017.642578125,28502.685546875,17708.623046875,28373.513671875,308519192899,22.266235419293025,1,1,-0.3294393844388731,-0.3294393844388731
2022-06-19,21502.337890625,21620.62890625,18067.15234375,19010.90234375,193211828250,20.487700525700575,1,1,0.13065211959330947,0.13065211959330947
2022-06-26,19242.255859375,21783.724609375,18729.65625,21496.494140625,159062351515,13.916564951382313,1,1,-0.10510866505522609,-0.10510866505522609
2022-07-03,21592.20703125,22314.94140625,18966.951171875,19242.095703125,194655885719,16.26549383112767,1,1,0.12212451539199765,0.12212451539199765
2022-07-10,21190.31640625,21591.080078125,18999.953125,21591.080078125,193058979385,17.577065316700896,1,1,-0.018612762670270344,-0.018612762670270344
2022-07-17,22465.478515625,24196.818359375,20778.1796875,21195.041015625,243674396488,22.126027069036013,1,1,0.06017664318588922,0.06017664318588922
2022-07-24,23656.20703125,24572.580078125,20776.81640625,22465.509765625,223771540002,25.621063386219348,1,0,0.053002588607085954,0.053002588607085954
2022-07-31,22961.279296875,24121.642578125,22485.701171875,23652.0703125,174059910417,26.500050989180778,1,0,-0.02937612667394207,-0.02937612667394207
2022-08-07,24424.068359375,24860.05078125,22771.51953125,22963.505859375,188235700388,31.92284482459138,1,0,0.06370677537549407,0.06370677537549407
2022-08-14,21166.060546875,25135.58984375,20856.73046875,24429.056640625,208655838369,34.32303809280802,1,0,-0.133393330077601,-0.133393330077601
2022-08-21,20041.73828125,21804.908203125,19890.5234375,21160.392578125,222081539441,33.78331467667816,1,0,-0.05311910844887935,-0.05311910844887935
2022-08-28,19832.087890625,20542.64453125,19600.78515625,20041.03515625,207632339219,34.26579503166957,1,0,-0.010460688972330212,-0.010460688972330212
2022-09-04,21680.5390625,21760.275390625,18644.466796875,19832.470703125,250280802636,36.124056180136854,1,0,0.09320507160261204,0.09320507160261204
2022-09-11,20127.576171875,22673.8203125,19400.076171875,21678.54296875,265139360315,36.02489504621308,1,0,-0.07162934861297343,-0.07162934861297343
2022-09-18,18937.01171875,20127.234375,18290.314453125,20127.234375,260768411397,49.81076286817539,1,0,-0.05915091032116526,-0.05915091032116526
2022-09-25,19312.095703125,20338.455078125,18553.296875,18936.310546875,282884132312,44.29463200762097,1,0,0.019806925714874968,0.019806925714874968
2022-10-02,19416.568359375,20408.392578125,18970.62109375,19311.849609375,200737905596,50.511511413981054,1,0,0.005409700627834635,0.005409700627834635
2022-10-09,19067.634765625,19889.146484375,18319.822265625,19417.478515625,196788424325,41.60599441854715,1,0,-0.0179709198500837,-0.0179709198500837
2022-10-16,19208.189453125,19666.994140625,18770.970703125,19068.9140625,171524572419,43.29302602230483,1,0,0.00737137506710539,0.00737137506710539
2022-10-23,20818.4765625,20988.39453125,19124.197265625,19207.734375,292978172544,44.55058665211189,1,0,0.08383336249908857,0.08383336249908857
2022-10-30,21282.69140625,21446.88671875,20086.240234375,20817.982421875,317673810751,41.750160280039985,1,0,0.02229821391379727,0.02229821391379727
2022-11-06,16799.185546875,21345.376953125,15682.6923828125,21285.056640625,479282762287,33.04676654000339,1,0,-0.21066442085695736,-0.21066442085695736
2022-11-13,16711.546875,17109.32421875,15872.94140625,16799.72265625,218201732031,27.04422288388355,1,0,-0.005216840520658628,-0.005216840520658628
2022-11-20,16464.28125,16771.474609375,15599.046875,16712.919921875,185235870712,32.949627936276244,1,0,-0.014796094392069858,-0.014796094392069858
2022-11-27,16908.236328125,17197.498046875,16054.5302734375,16463.8828125,159945060429,38.046949655203555,1,0,0.026964740906925355,0.026964740906925355
2022-12-04,17128.724609375,17378.15234375,16750.55859375,16908.169921875,132130746527,39.69627535319157,1,0,0.01304028858901396,0.01304028858901396
2022-12-11,16795.091796875,18318.53125,16584.701171875,17129.7109375,145368930400,28.948499273609954,1,0,-0.019477971659220605,-0.019477971659220605
2022-12-18,16847.755859375,17012.984375,16398.13671875,16795.609375,107265945648,33.76850761762812,1,0,0.0031356817299323936,0.0031356817299323936
2022-12-25,16547.49609375,16959.845703125,16408.474609375,16847.505859375,97938218746,37.03176614796501,1,0,-0.01782194424772121,-0.01782194424772121
2023-01-01,16955.078125,16991.994140625,16521.234375,16547.9140625,89488148109,37.25310134434719,1,0,0.02463103958090329,0.02463103958090329
2023-01-08,20976.298828125,21075.142578125,16924.05078125,16954.146484375,165738340554,55.9250357023722,1,0,0.23716910494182697,0.23716910494182697
2023-01-15,22777.625,23282.34765625,20541.544921875,20977.484375,183490791382,62.69275698670783,1,0,0.08587435689368528,0.08587435689368528
2023-01-22,23031.08984375,23722.099609375,22387.900390625,22777.986328125,174809626508,62.978777354182746,1,0,0.011127799485240342,0.011127799485240342
2023-01-29,23331.84765625,24167.2109375,22657.58203125,23031.44921875,178939668423,59.3656859588437,1,0,0.01305877466244243,0.01305877466244243
2023-02-05,21870.875,23423.435546875,21539.392578125,23332.248046875,171955806387,52.04021655359154,1,0,-0.06261710078749994,-0.06261710078749994
2023-02-12,24641.27734375,25134.1171875,21460.087890625,21870.90234375,201316241512,80.87041295601344,0,-1,0.12667085078900597,0.12667085078900597
2023-02-19,23175.375,25126.8515625,22861.55859375,24640.02734375,189383308297,72.95410704481372,0,0,-0.05948970596371339,-0.0
2023-02-26,22353.349609375,23880.6328125,22198.98046875,23174.150390625,142118319009,70.09282593800523,0,0,-0.03546977732291279,-0.0
2023-03-05,20632.41015625,22613.685546875,19628.25390625,22354.14453125,176095432558,61.68798108225832,0,0,-0.07698798986274691,-0.0
2023-03-12,26965.87890625,27787.8125,20448.806640625,20628.029296875,297342689722,72.31191710349526,0,0,0.30696698553568913,0.0
2023-03-19,27494.70703125,28803.3359375,26759.99609375,26969.50390625,215611441879,74.05509105511345,0,0,0.019611010152442265,0.0
2023-03-26,28411.03515625,29159.90234375,26606.689453125,27495.5234375,122848952111,75.02497467871493,0,-1,0.03332743731215304,0.0
2023-04-02,27947.794921875,28739.23828125,27276.720703125,28462.845703125,98250743604,74.49942820216233,0,0,-0.016304940380642674,-0.0
2023-04-09,30318.49609375,31005.607421875,27828.48046875,27952.3671875,122319314272,76.48363342133769,0,-1,0.08482605438110724,0.0
2023-04-16,27817.5,30555.537109375,27169.5703125,30315.9765625,130004697388,64.4272199732618,0,0,-0.0824907701891443,-0.0
2023-04-23,29248.48828125,29995.837890625,27070.849609375,27816.14453125,135436894567,63.86275964938003,0,0,0.05144201604205989,0.0
2023-04-30,28904.623046875,29952.029296875,27680.79296875,29245.515625,118262808039,62.53452753412198,0,0,-0.011756684005970963,-0.0
2023-05-07,26784.078125,29157.517578125,25878.4296875,28901.623046875,111245992965,56.836315688180754,0,0,-0.07336352106844934,-0.0
2023-05-14,27129.5859375,27646.34765625,26415.1015625,26788.974609375,85827169753,60.89493653286528,0,0,0.012899746292835967,0.0
2023-05-21,26868.353515625,27434.68359375,25890.59375,27118.423828125,84155252047,55.149411851519076,0,0,-0.00962906040942968,-0.0
2023-05-28,27075.12890625,28432.0390625,26574.64453125,26871.158203125,96535974832,59.57443992609263,0,0,0.007695871297240142,0.0
2023-06-04,25851.240234375,27407.01953125,25434.8671875,27075.123046875,115127229863,58.42162879977729,0,0,-0.045203429173424126,-0.0
2023-06-11,26510.67578125,26769.39453125,24797.16796875,25854.03125,94072000076,64.91506407238509,0,0,0.025508855315890644,0.0
2023-06-18,30548.6953125,31389.5390625,26312.83203125,26510.45703125,134867854549,60.289328143054256,0,0,0.15231673325000417,0.0
2023-06-25,30590.078125,31256.86328125,29600.275390625,30545.150390625,108851753585,59.14550682968535,0,0,0.0013546507330892688,0.0
2023-07-02,30292.541015625,31460.052734375,29777.28515625,30587.26953125,93121121985,55.77003361521913,0,0,-0.00972658873766774,-0.0
2023-07-09,30295.806640625,31814.515625,29966.38671875,30291.611328125,102304685680,57.40971622987599,0,0,0.00010780294060896978,0.0
2023-07-16,29771.802734375,30437.560546875,29556.427734375,30297.47265625,80525518162,48.04716709566521,0,0,-0.01729625200166618,-0.0
2023-07-23,29356.91796875,30330.640625,28934.294921875,29790.111328125,76851320021,56.46198915751512,0,0,-0.013935493571773816,-0.0
2023-07-30,29042.126953125,29987.998046875,28657.0234375,29357.09375,89235648585,49.044192904464154,0,0,-0.010722890460098333,-0.0
2023-08-06,29415.96484375,30176.796875,28724.140625,29043.701171875,85092924268,52.36183243706985,0,0,0.012872262807348323,0.0
2023-08-13,26096.205078125,29660.25390625,25409.111328125,29416.59375,114711591719,47.1396598008626,0,0,-0.11285571570603603,-0.0
2023-08-20,26008.462890625,26786.8984375,25520.728515625,26096.861328125,85209619261,45.23597650053274,0,0,-0.003362258506067195,-0.0
2023-08-27,25868.798828125,28089.337890625,25362.609375,26008.2421875,111112871869,45.708219435869175,0,0,-0.0053699468164396524,-0.0
2023-09-03,25895.677734375,26414.005859375,25404.359375,25869.47265625,70877582628,44.85633786117404,0,0,0.0010390473260311062,0.0
2023-09-10,26568.28125,26840.498046875,24930.296875,25895.2109375,86922042237,53.285017955861164,0,0,0.025973582252769578,0.0
2023-09-17,26579.390625,27488.763671875,26389.30078125,26567.927734375,80833248197,50.33468888260603,0,0,0.0004181442862436491,0.0
2023-09-24,26967.916015625,27259.5,26011.46875,26579.373046875,71701190986,22.938431858203316,1,1,0.014617543197531502,0.0
2023-10-01,27968.83984375,28494.458984375,26965.09375,26967.396484375,83770817842,32.69930156471162,1,0,0.03711535691319545,0.03711535691319545
2023-10-08,26861.70703125,28102.169921875,26558.3203125,27971.677734375,73492327797,29.54213691799302,1,0,-0.03958450971456373,-0.03958450971456373
2023-10-15,29918.412109375,30287.482421875,26817.89453125,26858.01171875,110054065034,48.35034108853276,1,0,0.11379414847198399,0.11379414847198399
2023-10-22,34089.57421875,35150.43359375,29720.3125,29918.654296875,165004969076,64.31078955174006,1,0,0.13941789738459942,0.13941789738459942
2023-10-29,35082.1953125,35919.84375,33947.56640625,34089.37109375,114267636625,68.27590592653831,1,0,0.029118025569355277,0.029118025569355277
2023-11-05,37138.05078125,37926.2578125,34545.81640625,35090.01171875,135634522802,73.25810518661245,1,0,0.058601106642191425,0.058601106642191425
2023-11-12,36585.703125,37964.89453125,34948.5,37133.9921875,142165090535,70.38823164023553,1,0,-0.014872823011186864,-0.014872823011186864
2023-11-19,37796.79296875,38415.33984375,35670.97265625,36585.765625,129611084442,87.8063677153477,0,-1,0.033102817229236914,0.033102817229236914
2023-11-26,39476.33203125,39678.9375,36750.12890625,37796.828125,132335207701,89.4578234314003,0,-1,0.044436020375819396,0.0
2023-12-03,43725.984375,44705.515625,39298.1640625,39472.20703125,191272829799,92.16344451539159,0,-1,0.10765063837202304,0.0
2023-12-10,42240.1171875,44034.625,40234.578125,43728.3828125,164815260492,86.10413550076714,0,-1,-0.0339813318954012,-0.0
2023-12-17,43739.54296875,44367.95703125,40530.2578125,42236.109375,149932320282,86.59383932866054,0,-1,0.035497670960385586,0.0
2023-12-24,42156.90234375,43945.5234375,41424.0625,43728.3671875,160240181483,81.11334613805602,0,-1,-0.03618329130989617,-0.0
2023-12-31,43989.1953125,45899.70703125,40813.53515625,42152.09765625,199378698932,82.1432088492814,0,-1,0.04346365285118359,0.0
2024-01-07,42842.3828125,48969.37109375,41903.76953125,43998.46484375,261780964086,77.93348274711046,0,-1,-0.02607032231103623,-0.0
2024-01-14,41665.5859375,43566.2734375,40297.45703125,42842.26171875,147313210715,77.73008852600896,0,-1,-0.0274680537763331,-0.0
2024-01-21,42120.0546875,42209.38671875,38521.89453125,41671.48828125,147799674848,75.32451791428717,0,-1,0.010907532914135043,0.0
2024-01-28,42992.25,43838.9453125,41696.91015625,42126.125,137240933630,71.4093033715718,0,0,0.020707364199098244,0.0
2024-02-04,47771.27734375,48152.49609375,42264.81640625,42994.94140625,153312753802,75.81389043274356,0,-1,0.11116020547307937,0.0
2024-02-11,51662.99609375,52820.06640625,47617.40625,47768.96875,215280531296,77.49491566932153,0,-1,0.08146566234761066,0.0
2024-02-18,51571.1015625,52945.05078125,50561.77734375,51661.96875,162951283693,78.86979318117372,0,-1,-0.0017787301975914493,-0.0
2024-02-25,62029.84765625,63913.1328125,50931.03125,51565.21484375,312055093884,84.42089841886057,0,-1,0.20280245674168595,0.0
2024-03-03,68498.8828125,70083.0546875,59323.91015625,62031.578125,396279527215,86.28673924822324,0,-1,0.10428907051488134,0.0
2024-03-10,65315.1171875,73750.0703125,64801.39453125,68500.2578125,396924863791,77.73192824284075,0,-1,-0.04647908833367154,-0.0
2024-03-17,64062.203125,68897.1328125,60807.78515625,65316.34375,345607355327,78.1999324791188,0,-1,-0.01918260452481868,-0.0
2024-03-24,69645.3046875,71727.6875,63825.8515625,64070.75390625,223480315136,80.28113771921934,0,-1,0.0871512575302178,0.0
2024-03-31,68896.109375,71377.78125,64559.8984375,69647.78125,228273271108,81.87643584517781,0,-1,-0.010757298225079981,-0.0
2024-04-07,63821.47265625,72715.359375,60919.10546875,68897.109375,260364285753,71.94597854983361,0,0,-0.07365636121959895,-0.0
2024-04-14,64994.44140625,66878.6484375,59651.390625,63836.23046875,286467231059,74.49881755287056,0,0,0.018378904484353642,0.0
2024-04-21,63419.140625,67233.9609375,62424.71875,64992.81640625,179202905034,73.8478914166416,0,0,-0.024237469346086504,-0.0
2024-04-28,63891.47265625,64703.33203125,56555.29296875,63423.515625,216755674993,73.85813018295755,0,0,0.007447783533411689,0.0
2024-05-05,60793.7109375,65494.90234375,60208.78125,63892.453125,166113562529,68.60038526673901,0,0,-0.0484847443635652,-0.0
2024-05-12,66940.8046875,67459.4609375,60632.6015625,60793.50390625,186007713895,69.47312708708006,0,0,0.10111397470569972,0.0
2024-05-19,69265.9453125,71946.4609375,65937.1796875,66937.9296875,229400378835,68.46958394248239,0,0,0.03473427957513309,0.0
2024-05-26,67706.9375,70597.8828125,66633.421875,69264.2890625,169467255232,66.42458005486452,0,0,-0.022507565665441875,-0.0
2024-06-02,69305.7734375,71907.8515625,67315.5234375,67710.2734375,191146060657,59.03592750405822,0,0,0.023614063736083102,0.0
2024-06-09,66191.0,70146.0703125,65056.89453125,69297.4921875,176226159581,46.873366081903036,0,0,-0.044942481455876204,-0.0
2024-06-16,64252.578125,67188.3203125,63378.89453125,66189.359375,165559684127,48.510242799589015,0,0,-0.02928527858772345,-0.0
2024-06-23,60887.37890625,64491.703125,58601.69921875,64248.96484375,164867339266,45.79758088993013,0,0,-0.05237453993212826,-0.0
2024-06-30,58303.5390625,63777.2265625,53717.375,60888.4453125,209887398347,33.69241387088289,0,0,-0.04243637828010971,-0.0
2024-07-07,59231.953125,59787.078125,54321.01953125,58239.4296875,185736963406,36.17578553073629,0,0,0.015923802867348513,0.0
2024-07-14,67163.6484375,67610.734375,59225.25,59225.25,217733102236,54.41960642636583,0,0,0.13390906249134438,0.0
2024-07-21,67813.3359375,69398.5078125,63473.47265625,67164.9140625,235874208051,53.779945338172006,0,0,0.009673201428367584,0.0
2024-07-28,60680.09375,69987.5390625,59836.52734375,67808.65625,237286588486,46.80357287102243,0,0,-0.10518937151350782,-0.0
2024-08-04,60945.8125,62673.765625,49121.23828125,60676.09375,326157897054,46.545801073900044,0,0,0.004379010208763967,0.0
2024-08-11,59478.97265625,61778.66015625,56161.59375,60944.890625,198750522113,48.39696990624427,0,0,-0.024067934835555804,-0.0
2024-08-18,64178.9921875,64947.0625,57864.7109375,59468.1328125,199583216402,46.5094108421227,0,0,0.07901985056825156,0.0
2024-08-25,58969.8984375,64996.421875,57768.53125,64176.3671875,202824388829,37.87124744590077,0,0,-0.08116509113732329,-0.0
2024-09-01,54139.6875,59815.05859375,52598.69921875,58969.80078125,213377006634,35.1613742250686,0,0,-0.08190977202749228,-0.0
2024-09-08,60005.12109375,60656.72265625,53653.7578125,54147.93359375,201547718684,40.69610801198511,0,0,0.1083388889850907,0.0
2024-09-15,63394.83984375,64119.53125,57501.33984375,60000.7265625,221516089004,47.21816823332384,0,0,0.05649049094833125,0.0
2024-09-22,65887.6484375,66480.6953125,62440.7265625,63396.8046875,190775928450,51.60894358269144,0,0,0.039321947967595694,0.0
2024-09-29,62089.94921875,66069.34375,59878.8046875,65888.8984375,221882148489,51.17336704025408,0,0,-0.057639015943214855,-0.0
2024-10-06,63193.0234375,64443.70703125,58895.20703125,62084.98828125,182359319847,54.912706122753995,0,0,0.017765745223333074,0.0
2024-10-13,68362.734375,68969.75,62035.63671875,63192.9453125,233035109592,58.45365167604708,0,0,0.081808254397149,0.0
2024-10-20,67014.6953125,69462.734375,65188.03515625,68364.1796875,213019423326,49.84294701451056,0,0,-0.019718916670380726,-0.0
2024-10-27,69289.2734375,73577.2109375,66847.2265625,67023.4765625,263511996300,51.50464039636108,0,0,0.03394148275080999,0.0
2024-11-03,76778.8671875,77252.75,66803.6484375,69296.3828125,388346663523,66.29346764660534,0,0,0.10809167679836817,0.0
2024-11-10,90558.4765625,93434.3515625,76565.4296875,76775.546875,667962760356,73.53333160319437,0,0,0.17947138164137155,0.0
2024-11-17,97777.28125,99655.5,88741.6640625,90558.4609375,497050669920,77.88641620004745,0,-1,0.07971429027428334,0.0
2024-11-24,96449.0546875,98935.03125,90770.8125,97778.09375,434274374009,74.7103690910407,0,0,-0.013584204280582823,-0.0
2024-12-01,99923.3359375,103900.46875,91998.78125,96461.3359375,541470336809,82.21545373725296,0,-1,0.03602193159131373,0.0
2024-12-08,101372.96875,102618.8828125,94321.2578125,99921.9140625,514409120312,89.24254805960383,0,-1,0.014507450125631483,0.0
2024-12-15,97224.7265625,108268.4453125,92175.1796875,101373.53125,559242433054,81.83120641307899,0,-1,-0.040920594894780615,-0.0
2024-12-22,95163.9296875,99884.5703125,92403.1328125,97218.3203125,312784684159,77.80172883827633,0,-1,-0.02119622186517789,-0.0
2024-12-29,98236.2265625,98956.9140625,91317.1328125,95174.0546875,257932448372,78.02461249573095,0,-1,0.032284258175222735,0.0
2025-01-05,94566.59375,102712.484375,91220.84375,98233.90625,338607134725,78.19813108658718,0,-1,-0.03735518902657875,-0.0
2025-01-12,104408.0703125,105884.2265625,89260.1015625,94565.7265625,381878138856,81.07055817772118,0,-1,0.1040692719515448,0.0
2025-01-19,104714.6484375,109114.8828125,99471.359375,104411.2890625,526063407365,79.5727757172298,0,-1,0.002936345093654147,0.0
2025-01-26,100655.90625,106418.765625,97795.9375,104713.2109375,321569193348,76.21155092372499,0,-1,-0.03876002305372306,-0.0
2025-02-02,96482.453125,102514.171875,91242.890625,100661.5390625,424112044851,70.57864158488661,0,0,-0.04146257562506428,-0.0
2025-02-09,97580.3515625,98819.46875,94101.203125,96481.3125,241533627418,67.42761288849664,0,0,0.011379255003783895,0.0
2025-02-16,96635.609375,97725.59375,93388.8359375,97580.4921875,110189899430,56.48645335703749,0,0,-0.009681684605275187,-0.0
